Time (s),PKPK (V),RMS (V),Frequency (Hz)
1741612742.637,0.984,0.17035,16620
1741612745.861,0.984,0.16949,15680
1741612748.853,0.984,0.17035,15590
1741612751.859,0.984,0.16767,15320
1741612754.861,0.984,0.17003,15160
